{"cameraMode":{"drawMode":0,"name":"Shaded","section":"Shading Mode"},"sceneLighting":true,"audioPlay":false,"sceneViewState":{"m_AlwaysRefresh":false,"showFog":true,"showSkybox":true,"showFlares":true,"showImageEffects":true,"showParticleSystems":true,"showVisualEffectGraphs":true,"m_FxEnabled":true},"in2DMode":false,"pivot":{"x":164.4754638671875,"y":7.921822547912598,"z":-39.23552322387695},"rotation":{"x":0.009146633557975293,"y":0.9874296188354492,"z":-0.06229047849774361,"w":0.1449921727180481},"size":1.9047902822494507,"orthographic":false}