{"cameraMode":{"drawMode":0,"name":"Shaded","section":"Shading Mode"},"sceneLighting":true,"audioPlay":false,"sceneViewState":{"m_AlwaysRefresh":false,"showFog":true,"showSkybox":true,"showFlares":true,"showImageEffects":true,"showParticleSystems":true,"showVisualEffectGraphs":true,"m_FxEnabled":true},"in2DMode":false,"pivot":{"x":166.61312866210938,"y":31.663352966308595,"z":18.753068923950197},"rotation":{"x":-0.0033370747696608307,"y":-0.9415381550788879,"z":0.33676937222480776,"w":-0.00932842306792736},"size":9.576509475708008,"orthographic":false}